date,year,month,month_name,rainfall_mm,documented_flood_year
1981-01-01,1981,1,January,2.6738282692800412,False
1981-02-01,1981,2,February,4.433361898939297,False
1981-03-01,1981,3,March,6.6803727685879455,False
1981-04-01,1981,4,April,11.437613205058046,False
1981-05-01,1981,5,May,215.99698721350487,False
1981-06-01,1981,6,June,654.0624074042172,False
1981-07-01,1981,7,July,325.258234177561,False
1981-08-01,1981,8,August,652.6767935505776,False
1981-09-01,1981,9,September,371.79573161704536,False
1981-10-01,1981,10,October,177.1189291006675,False
1981-11-01,1981,11,November,125.023812210941,False
1981-12-01,1981,12,December,4.609399203625903,False
1982-01-01,1982,1,January,2.6326377012960966,False
1982-02-01,1982,2,February,3.267919563077382,False
1982-03-01,1982,3,March,5.344572625701062,False
1982-04-01,1982,4,April,5.712390114348937,False
1982-05-01,1982,5,May,243.8207500924612,False
1982-06-01,1982,6,June,590.9799185419556,False
1982-07-01,1982,7,July,467.3061210102388,False
1982-08-01,1982,8,August,802.6597319942588,False
1982-09-01,1982,9,September,335.4441832991393,False
1982-10-01,1982,10,October,151.93914598298835,False
1982-11-01,1982,11,November,12.054481737537447,False
1982-12-01,1982,12,December,3.9001417165948644,False
1983-01-01,1983,1,January,2.70040109310024,False
1983-02-01,1983,2,February,3.328246191751865,False
1983-03-01,1983,3,March,5.53720978137348,False
1983-04-01,1983,4,April,3.3287121062439096,False
1983-05-01,1983,5,May,145.26569442160206,False
1983-06-01,1983,6,June,378.93901637370686,False
1983-07-01,1983,7,July,697.3617324576751,False
1983-08-01,1983,8,August,591.2384480536313,False
1983-09-01,1983,9,September,297.08524468873014,False
1983-10-01,1983,10,October,266.76419908550895,False
1983-11-01,1983,11,November,155.20356461336752,False
1983-12-01,1983,12,December,6.46260937657351,False
1984-01-01,1984,1,January,2.8431479081166486,False
1984-02-01,1984,2,February,5.2555561980772705,False
1984-03-01,1984,3,March,7.849052177275949,False
1984-04-01,1984,4,April,40.55961151186135,False
1984-05-01,1984,5,May,161.97183477365985,False
1984-06-01,1984,6,June,387.7828346681437,False
1984-07-01,1984,7,July,303.51892489819176,False
1984-08-01,1984,8,August,642.5960498797197,False
1984-09-01,1984,9,September,166.8810304181184,False
1984-10-01,1984,10,October,87.78689683916288,False
1984-11-01,1984,11,November,5.017112875457898,False
1984-12-01,1984,12,December,5.269186662602451,False
1985-01-01,1985,1,January,2.9249751544839886,False
1985-02-01,1985,2,February,4.756292593140718,False
1985-03-01,1985,3,March,5.581307627794629,False
1985-04-01,1985,4,April,21.204126462521074,False
1985-05-01,1985,5,May,173.47101961028616,False
1985-06-01,1985,6,June,755.9850143213913,False
1985-07-01,1985,7,July,632.1065971853977,False
1985-08-01,1985,8,August,674.8982881989737,False
1985-09-01,1985,9,September,308.9801162753373,False
1985-10-01,1985,10,October,197.5767129563707,False
1985-11-01,1985,11,November,74.31389352636538,False
1985-12-01,1985,12,December,5.840275272644868,False
1986-01-01,1986,1,January,3.681328806520954,False
1986-02-01,1986,2,February,3.548126758902838,False
1986-03-01,1986,3,March,5.3507179835074,False
1986-04-01,1986,4,April,7.673778518360794,False
1986-05-01,1986,5,May,138.89122728265764,False
1986-06-01,1986,6,June,596.1179002890119,False
1986-07-01,1986,7,July,567.7978034813323,False
1986-08-01,1986,8,August,528.2507395949358,False
1986-09-01,1986,9,September,113.19621914460878,False
1986-10-01,1986,10,October,151.069702741461,False
1986-11-01,1986,11,November,17.62920101750909,False
1986-12-01,1986,12,December,5.029608137683805,False
1987-01-01,1987,1,January,2.8853234068429985,False
1987-02-01,1987,2,February,3.4286800414290948,False
1987-03-01,1987,3,March,8.431164313538991,False
1987-04-01,1987,4,April,13.31499005954347,False
1987-05-01,1987,5,May,60.51909706742393,False
1987-06-01,1987,6,June,325.2953760342666,False
1987-07-01,1987,7,July,578.2461630454269,False
1987-08-01,1987,8,August,368.0560796563129,False
1987-09-01,1987,9,September,324.50919338676346,False
1987-10-01,1987,10,October,127.4028799820367,False
1987-11-01,1987,11,November,153.1830604147359,False
1987-12-01,1987,12,December,5.0623330963485955,False
1988-01-01,1988,1,January,2.739406886279517,True
1988-02-01,1988,2,February,3.558376287546547,True
1988-03-01,1988,3,March,9.206887412031799,True
1988-04-01,1988,4,April,11.559084410704221,True
1988-05-01,1988,5,May,214.70226188583962,True
1988-06-01,1988,6,June,660.8695497355098,True
1988-07-01,1988,7,July,571.6717752627002,True
1988-08-01,1988,8,August,666.6899348535507,True
1988-09-01,1988,9,September,284.84423786907763,True
1988-10-01,1988,10,October,253.12888364781355,True
1988-11-01,1988,11,November,51.840107534002705,True
1988-12-01,1988,12,December,5.329293291978826,True
1989-01-01,1989,1,January,2.74285540125993,False
1989-02-01,1989,2,February,3.2836651430108974,False
1989-03-01,1989,3,March,12.345490764756713,False
1989-04-01,1989,4,April,3.5462850310245186,False
1989-05-01,1989,5,May,250.81273564482734,False
1989-06-01,1989,6,June,626.7865609081736,False
1989-07-01,1989,7,July,524.6594117237163,False
1989-08-01,1989,8,August,539.0764592853113,False
1989-09-01,1989,9,September,272.2926497454154,False
1989-10-01,1989,10,October,204.495490712394,False
1989-11-01,1989,11,November,6.094611931596333,False
1989-12-01,1989,12,December,5.472168569725167,False
1990-01-01,1990,1,January,2.6469792830444616,False
1990-02-01,1990,2,February,3.639535179047495,False
1990-03-01,1990,3,March,11.502729340254144,False
1990-04-01,1990,4,April,12.54111717317701,False
1990-05-01,1990,5,May,208.88313439820277,False
1990-06-01,1990,6,June,603.9182051939371,False
1990-07-01,1990,7,July,775.6449727623045,False
1990-08-01,1990,8,August,606.483719831002,False
1990-09-01,1990,9,September,289.5140642630883,False
1990-10-01,1990,10,October,162.76566791218985,False
1990-11-01,1990,11,November,86.91093143686044,False
1990-12-01,1990,12,December,4.938571459370385,False
1991-01-01,1991,1,January,2.7454914592592563,True
1991-02-01,1991,2,February,3.2717348478627706,True
1991-03-01,1991,3,March,8.227941419152993,True
1991-04-01,1991,4,April,26.032345787035723,True
1991-05-01,1991,5,May,72.0966447795502,True
1991-06-01,1991,6,June,655.2020574062898,True
1991-07-01,1991,7,July,810.2097249057354,True
1991-08-01,1991,8,August,670.2007551981833,True
1991-09-01,1991,9,September,183.46037357250412,True
1991-10-01,1991,10,October,167.1742100026931,True
1991-11-01,1991,11,November,14.973360814819525,True
1991-12-01,1991,12,December,10.681198653010313,True
1992-01-01,1992,1,January,3.049293271959025,False
1992-02-01,1992,2,February,3.7261740071113736,False
1992-03-01,1992,3,March,5.231720756028821,False
1992-04-01,1992,4,April,4.501980646738275,False
1992-05-01,1992,5,May,118.5634768947614,False
1992-06-01,1992,6,June,474.1346301969383,False
1992-07-01,1992,7,July,780.4868701905374,False
1992-08-01,1992,8,August,681.3785589390579,False
1992-09-01,1992,9,September,345.33085200804993,False
1992-10-01,1992,10,October,278.8932633447279,False
1992-11-01,1992,11,November,46.67927655285222,False
1992-12-01,1992,12,December,4.172713919307589,False
1993-01-01,1993,1,January,3.999626338974775,False
1993-02-01,1993,2,February,3.2573904128952615,False
1993-03-01,1993,3,March,16.108720409765002,False
1993-04-01,1993,4,April,5.229976413596951,False
1993-05-01,1993,5,May,272.9583863213149,False
1993-06-01,1993,6,June,592.5177405040871,False
1993-07-01,1993,7,July,517.3911958418976,False
1993-08-01,1993,8,August,726.3515259070854,False
1993-09-01,1993,9,September,370.36595741785084,False
1993-10-01,1993,10,October,94.32308721279493,False
1993-11-01,1993,11,November,5.624319882547974,False
1993-12-01,1993,12,December,5.48379462924524,False
1994-01-01,1994,1,January,2.7040192618588232,False
1994-02-01,1994,2,February,3.498456575559676,False
1994-03-01,1994,3,March,34.72968743187853,False
1994-04-01,1994,4,April,18.94116226525396,False
1994-05-01,1994,5,May,350.24488870942474,False
1994-06-01,1994,6,June,676.1543423317233,False
1994-07-01,1994,7,July,937.1330215975626,False
1994-08-01,1994,8,August,756.9197199357778,False
1994-09-01,1994,9,September,307.7847271449248,False
1994-10-01,1994,10,October,138.44970091806096,False
1994-11-01,1994,11,November,28.461109703404638,False
1994-12-01,1994,12,December,4.013473625811353,False
1995-01-01,1995,1,January,2.612421210308979,False
1995-02-01,1995,2,February,3.534131590576787,False
1995-03-01,1995,3,March,9.643756930002699,False
1995-04-01,1995,4,April,3.506602853076592,False
1995-05-01,1995,5,May,219.30440403897288,False
1995-06-01,1995,6,June,531.4997114541118,False
1995-07-01,1995,7,July,634.8787041846026,False
1995-08-01,1995,8,August,718.6481750576604,False
1995-09-01,1995,9,September,451.02449524363186,False
1995-10-01,1995,10,October,184.20833772703463,False
1995-11-01,1995,11,November,91.23653104838883,False
1995-12-01,1995,12,December,3.7558292774801876,False
1996-01-01,1996,1,January,2.806097963909067,False
1996-02-01,1996,2,February,4.223987231148118,False
1996-03-01,1996,3,March,6.252356708936944,False
1996-04-01,1996,4,April,13.685811177372537,False
1996-05-01,1996,5,May,345.0100818032598,False
1996-06-01,1996,6,June,590.2228822718645,False
1996-07-01,1996,7,July,902.4796147120433,False
1996-08-01,1996,8,August,701.093191479112,False
1996-09-01,1996,9,September,579.0460871283249,False
1996-10-01,1996,10,October,149.70358533344037,False
1996-11-01,1996,11,November,71.8719912931701,False
1996-12-01,1996,12,December,8.319779262324547,False
1997-01-01,1997,1,January,2.7232023669445793,True
1997-02-01,1997,2,February,3.5249630015142173,True
1997-03-01,1997,3,March,9.332016713301165,True
1997-04-01,1997,4,April,8.571994832095658,True
1997-05-01,1997,5,May,137.88188145100216,True
1997-06-01,1997,6,June,723.8730605439814,True
1997-07-01,1997,7,July,724.9054211634391,True
1997-08-01,1997,8,August,744.6153171007268,True
1997-09-01,1997,9,September,367.3059914787654,True
1997-10-01,1997,10,October,119.49251914944381,True
1997-11-01,1997,11,November,68.35333906171603,True
1997-12-01,1997,12,December,10.302909320809745,True
1998-01-01,1998,1,January,2.7455884259945766,False
1998-02-01,1998,2,February,3.5185462453432357,False
1998-03-01,1998,3,March,10.252525153470277,False
1998-04-01,1998,4,April,4.055771265429462,False
1998-05-01,1998,5,May,311.4133293631321,False
1998-06-01,1998,6,June,441.9582219486594,False
1998-07-01,1998,7,July,565.1036130827343,False
1998-08-01,1998,8,August,521.9780431009311,False
1998-09-01,1998,9,September,264.4855304200699,False
1998-10-01,1998,10,October,146.08347818948732,False
1998-11-01,1998,11,November,33.446039155142046,False
1998-12-01,1998,12,December,8.485255560117889,False
1999-01-01,1999,1,January,4.022739890884801,False
1999-02-01,1999,2,February,3.944578284695498,False
1999-03-01,1999,3,March,12.01974896161664,False
1999-04-01,1999,4,April,55.29787682540624,False
1999-05-01,1999,5,May,448.6634817912008,False
1999-06-01,1999,6,June,537.9226674392179,False
1999-07-01,1999,7,July,682.8155994352196,False
1999-08-01,1999,8,August,680.7743132148582,False
1999-09-01,1999,9,September,293.7688553462086,False
1999-10-01,1999,10,October,222.50162118745612,False
1999-11-01,1999,11,November,44.293055038073625,False
1999-12-01,1999,12,December,5.296568942503734,False
2000-01-01,2000,1,January,2.8191124483072243,False
2000-02-01,2000,2,February,3.704619249244772,False
2000-03-01,2000,3,March,22.508448145158237,False
2000-04-01,2000,4,April,46.069321816653634,False
2000-05-01,2000,5,May,306.2068725468174,False
2000-06-01,2000,6,June,617.9237911304276,False
2000-07-01,2000,7,July,574.2954017866275,False
2000-08-01,2000,8,August,542.4121501295937,False
2000-09-01,2000,9,September,465.6924911549494,False
2000-10-01,2000,10,October,182.35018023792674,False
2000-11-01,2000,11,November,6.708697192198386,False
2000-12-01,2000,12,December,5.7866872568771885,False
2001-01-01,2001,1,January,2.606077053646794,False
2001-02-01,2001,2,February,3.4923673285933288,False
2001-03-01,2001,3,March,29.81163337416002,False
2001-04-01,2001,4,April,2.6416058851839295,False
2001-05-01,2001,5,May,302.2756108259813,False
