dataset_name,organization,url,country,geographic_level,temporal_coverage,update_frequency,license,variables,format,access_method,reliability,limitations
GPM IMERG Final Precipitation L3 (GPM_3IMERGM / GPM_3IMERGHH),NASA / GES DISC,https://disc.gsfc.nasa.gov/datasets/GPM_3IMERGM_07/summary,Global,0.1 degree (~11 km grid),2000-06 to present,Monthly (final) ~2.5 month latency,NASA data use policy (US Government Work),Precipitation rate (mm/hr) and accumulation (mm),HDF5 / NetCDF4 / GeoTIFF,Download (NASA Earthdata login) or via PPS FTP,High (widely validated satellite product),~0.1 deg resolution coarse for city-scale; lower skill over complex terrain/coasts; requires Earthdata account
CHIRPS (precipitation),UC Santa Barbara Climate Hazards Center,https://www.chc.ucsb.edu/data/chirps,Global,0.05 degree (~5 km),1981-present,Monthly and daily,Open (CC-BY-like, free),Precipitation (mm),GeoTIFF / NetCDF,Direct download / API,High (widely used),Satellite+station blended; daily product has latency; coarser than gauge data
Global Flood Database v1 (GFD),Cloud to Street / Dartmouth Flood Observatory (DFO),https://global-flood-database.cloudtostreet.ai/ and Google Earth Engine GLOBAL_FLOOD_DB/MODIS_EVENTS/V1,Global,250 m raster; events per country,2000-2018,Static (v1),Free (public research),Flood extent, duration, event metadata, population exposed per event (GHSL 2000/2015),GeoTIFF / CSV,Portal download or Google Earth Engine,High (peer-reviewed, Tellman et al. 2021 Nature),Only 913 mapped events; misses smaller floods; MODIS cloud gaps; ends 2018
Dartmouth Flood Observatory (DFO) Flood Archive,University of Colorado,https://floodobservatory.colorado.edu/,Global,Event polygons,1985-present,Updated periodically,Free academic use,Flood event records (date, location, cause, severity),Shapefile / CSV,Direct download,High (long-running archive),Depends on media/government reports; event severity subjective
Copernicus DEM GLO-30 (elevation),ESA / Copernicus Programme,https://registry.opendata.aws/copernicus-dem/ or OpenTopography,Global,30 m DSM,2011-2015 acquisition,Static,Free & open (Copernicus licence),Elevation (m),Cloud-Optimized GeoTIFF,AWS S3 / OpenTopography / Earth Engine,High (TanDEM-X based),DSM includes vegetation/buildings (not bare earth); coastal/ocean gaps zero-height
SRTM v4 (elevation alternative),NASA / CGIAR-CSI,https://srtm.csi.cgiar.org/,Global,90 m,2000,Static,Free,Elevation (m),GeoTIFF,Direct download,High but older,3-arc-second resolution coarser; data voids (mitigated in v4)
ESA WorldCover (land cover),ESA,https://esa-worldcover.org/en,Global,10 m,2020 & 2021,Annual (2020/2021 releases),CC-BY 4.0,11 land cover classes,GeoTIFF,Direct download (tiles),High (validated ~74% overall accuracy),Static recent snapshot; does not show historical land-use change
Global Human Settlement Layer (GHSL),European Commission JRC,https://ghsl.jrc.ec.europa.eu/,Global,30 m / 100 m grids,1975-2030 (decadal),Periodic,Open (EC licence),Population, built-up area, settlement classification,GeoTIFF / CSV,Direct download,High,Population estimates are model-based; class thresholds can misclassify informal settlements
WorldPop Population Count,WorldPop / University of Southampton,https://hub.worldpop.org/,Global,100 m (~3 arcsec),2000-2020 (and 2015-2030 global),Annual,CC-BY 4.0 (some derived layers ODbL),Total population per grid cell,GeoTIFF,Direct download / WOPR API,High (peer-reviewed),Model-based estimates; constrained version relies on settlement mapping; census vintage varies by country
OpenStreetMap (roads, buildings, facilities),OpenStreetMap community,https://www.openstreetmap.org/,Global (city detail varies),Present (growing archive),Continuous,ODbL,Roads, buildings, POIs (hospitals, schools, shelters),OSM PBF / GeoJSON / Overpass API,Overpass API / Geofabrik download,Medium-High (good in Yangon, variable elsewhere),Volunteer data; completeness varies by city and district; no guaranteed attribute completeness
NASA Earthdata Search (hub for NASA data incl. GPM, MODIS),NASA,https://search.earthdata.nasa.gov/,Global,varies,varies,varies,NASA data policy,varies,varies,Web search + API,High (authoritative),Requires free NASA Earthdata account
Humanitarian Data Exchange (HDX),OCHA,https://data.humdata.org/,ASEAN + global,varies,varies,Continuous,varies (per dataset, mostly open),Flood events, population, admin boundaries, etc.,CSV / GeoJSON / shapefile,Direct download + HDX API,High (humanitarian standard),Dataset quality varies by contributor; need to verify each source
WRI Aqueduct (flood risk / water risk),World Resources Institute,https://www.wri.org/aqueduct,Global,~1 km and national,Historical + projections (2030/2050),Periodic,CC-BY 4.0,Flood occurrence/proportion, flood risk scores,GeoTIFF / CSV,Direct download,High (well-cited),Modelled risk, not observed; coarse for neighbourhood decisions
ASEAN DataM Explorer / ASEANstats,ASEAN Secretariat,https://data.aseanstats.org/,ASEAN,National,2005-present,Annual,Open (ASEAN),Socioeconomic indicators by country,CSV/Excel,Direct download,High (official),National-level only, too coarse for city analysis
geoBoundaries (Myanmar admin boundaries),William & Mary geoLab,https://www.geoboundaries.org/,Myanmar,ADM1 / ADM2 / ADM3,Release-driven (GB Open),Static (release),GB Open (CC-BY-like),Admin boundaries (regions, districts, townships),GeoJSON / Shapefile,Direct download (GitHub),High (widely used),Township boundaries for Yangon Region (45 townships, ADM3); synthetic codes used instead of MIMU P-codes
Myanmar Information Management Unit (MIMU),MIMU (UN / gov supported),https://themimu.info/,Myanmar,Township / district,varies,varies,Open (gov/UN),Admin boundaries, flood reports, population,CSV / GeoJSON,Direct download,High (official local),Coverage and update frequency vary per dataset; some datasets Myanmar-language only
Kontur population (Myanmar),Kontur,https://data.humdata.org/dataset/kontur-population-dataset,Myanmar,H3 hexagons,Nov 2023,Periodic,CC-BY 4.0,Modelled resident population per H3 hex,GPKG,Direct download,Medium-High (community-maintained, widely used),Model estimate, not census
PAGASA (Philippines) data,Philippines DOST-PAGASA,https://www.pagasa.dost.gov.ph/,Philippines,Station-based,varies,varies,Open (gov),Rainfall, typhoon tracks,CSV,Direct download,High (official),Station distribution; archive access varies
Vietnam MONRE / GSO open data,Vietnam Government Statistical Office,https://www.gso.gov.vn/,Vietnam,National / provincial,varies,Annual,Open (gov),Population, socioeconomic,CSV/Excel,Direct download,Medium-High,National-level; local spatial flood data less open
Thai Meteorological Department (TMD),TMD,https://www.tmd.go.th/,Thailand,Station-based,varies,varies,Open (gov),Rainfall, weather,CSV,Direct download,High (official),Archive access in Thai language mostly
Meteorological Department Malaysia (MET Malaysia),MET Malaysia,https://www.met.gov.my/,Malaysia,Station-based,varies,varies,Open (gov),Rainfall, weather,CSV,Direct download,High (official),Data access via request for some products
USGS EarthExplorer (Landsat, SRTM etc.),USGS,https://earthexplorer.usgs.gov/,Global,30 m,1970s-present,Continuous,US Public Domain,Imagery, elevation,GeoTIFF,Direct download + API,High (authoritative),Requires free USGS account
JRC Global Surface Water,European Commission JRC,https://global-surface-water.appspot.com/,Global,30 m,1984-2021,Periodic,Open,Surface water occurrence, extent, seasonality,GeoTIFF,Direct download,High (validated),Static historical product; not flood-specific
SEDAC GRUMP / GPW (population alternative),NASA SEDAC / CIESIN,https://sedac.ciesin.columbia.edu/,Global,1 km,varies,Periodic,Open,Population density,CSV/GeoTIFF,Direct download,High,Coarser than WorldPop
Floodbase / Flood Hub (near-real-time flood maps),Floodbase / Google,https://sites.research.google/floodhub/,Global,~30 m,2023-present,Near-real-time,Free for research (Flood Hub),Flood extent (near real-time),Raster / API,API,Medium-High (operational, newer),Forecast/observed hybrid; newer product, less historical depth
GDACS (Global Disaster Alert & Coordination System),UN / EC JRC,https://www.gdacs.org/,Global,Event-based,2004-present,Near-real-time,Open,Disaster alerts (floods, storms),XML/JSON,API,Medium-High,Alert system not exhaustive archive
NASA FIRMS / MODIS flood proxy,NASA,https://firms.modaps.eosdis.nasa.gov/,Global,1 km,2000-present,Near-real-time,Open,MODIS imagery,GeoTIFF/KML,Direct,High,Proxy imagery; flood interpretation needs care